除權息日期,股票代號,名稱,除權息,每股無償配股率,現金增資配股率,現金增資認購價,現金股利,公開承銷股數,員工認購股數,原股東認購股數,按持股比例仟股認購
"1150930","8440","綠電","除息","0.00000000","0.00000000","0.00","0.35000000","0","0","0","0.00000000"
"1151001","1784","訊聯","除息","0.00000000","0.00000000","0.00","0.88096400","0","0","0","0.00000000"
"1151001","6523","達爾膚","除息","0.00000000","0.00000000","0.00","2.00000000","0","0","0","0.00000000"
"1151002","6171","大城地產","除息","0.00000000","0.00000000","0.00","2.00000000","0","0","0","0.00000000"
"1151005","00950B","凱基A級公司債","除息","0.00000000","0.00000000","0.00","0.06300000","0","0","0","0.00000000"
"1151005","00959B","大華投等美債15Y+","除息","0.00000000","0.00000000","0.00","0.04800000","0","0","0","0.00000000"
"1151005","00966B","統一ESG投等債15+","除息","0.00000000","0.00000000","0.00","0.06800000","0","0","0","0.00000000"
"1151005","00983B","大華優利美公債20","除息","0.00000000","0.00000000","0.00","0.06000000","0","0","0","0.00000000"
"1151005","00984B","大華優利美A債15","除息","0.00000000","0.00000000","0.00","0.07900000","0","0","0","0.00000000"
"1151005","00986B","FT金融債10+","除息","0.00000000","0.00000000","0.00","0.04200000","0","0","0","0.00000000"
"1151005","020035","元大上櫃ESG高息N","除息","0.00000000","0.00000000","0.00","0.34800000","0","0","0","0.00000000"
"1151005","5512","力麒","除息","0.00000000","0.00000000","0.00","0.10000000","0","0","0","0.00000000"
"1151007","2947","振宇五金","除息","0.00000000","0.00000000","0.00","1.00000000","0","0","0","0.00000000"
"1151007","6129","普誠","除權","0.00000000","0.12455307","11.75","0.00000000","2000000","3000000","15000000","93.41480433"
"1151012","1565","精華","除息","0.00000000","0.00000000","0.00","5.80000000","0","0","0","0.00000000"
"1151013","2938","床的世界","除息","0.00000000","0.00000000","0.00","0.61725044","0","0","0","0.00000000"
"1151014","4903","聯光通","除息","0.00000000","0.00000000","0.00","0.30000000","0","0","0","0.00000000"
"1151015","6548","長科*","除息","0.00000000","0.00000000","0.00","0.45105516","0","0","0","0.00000000"
"1151016","00734B","台新JPM新興債","除息","0.00000000","0.00000000","0.00","尚未公告","0","0","0","0.00000000"
"1151016","00842B","台新美元銀行債","除息","0.00000000","0.00000000","0.00","尚未公告","0","0","0","0.00000000"
"1151016","00942B","台新美A公司債20+","除息","0.00000000","0.00000000","0.00","尚未公告","0","0","0","0.00000000"
"1151016","00970B","台新BBB投等債20+","除息","0.00000000","0.00000000","0.00","尚未公告","0","0","0","0.00000000"
"1151016","00980B","台新特選IG債10+","除息","0.00000000","0.00000000","0.00","尚未公告","0","0","0","0.00000000"
"1151016","00988B","玉山嚴選非投債","除息","0.00000000","0.00000000","0.00","尚未公告","0","0","0","0.00000000"
"1151016","00989B","台新美國非投等債","除息","0.00000000","0.00000000","0.00","尚未公告","0","0","0","0.00000000"
"1151019","00694B","富邦美債1-3","除息","0.00000000","0.00000000","0.00","尚未公告","0","0","0","0.00000000"
"1151019","00695B","富邦美債7-10","除息","0.00000000","0.00000000","0.00","尚未公告","0","0","0","0.00000000"
"1151019","00696B","富邦美債20年","除息","0.00000000","0.00000000","0.00","尚未公告","0","0","0","0.00000000"
"1151019","00722B","群益投資級電信債","除息","0.00000000","0.00000000","0.00","尚未公告","0","0","0","0.00000000"
"1151019","00723B","群益投資級科技債","除息","0.00000000","0.00000000","0.00","尚未公告","0","0","0","0.00000000"
"1151019","00724B","群益投資級金融債","除息","0.00000000","0.00000000","0.00","尚未公告","0","0","0","0.00000000"
"1151019","00725B","國泰投資級公司債","除息","0.00000000","0.00000000","0.00","尚未公告","0","0","0","0.00000000"
"1151019","00727B","國泰優選非投等債","除息","0.00000000","0.00000000","0.00","尚未公告","0","0","0","0.00000000"
"1151019","00740B","富邦全球投等債","除息","0.00000000","0.00000000","0.00","尚未公告","0","0","0","0.00000000"
"1151019","00741B","富邦全球非投等債","除息","0.00000000","0.00000000","0.00","尚未公告","0","0","0","0.00000000"
"1151019","00746B","富邦A級公司債","除息","0.00000000","0.00000000","0.00","尚未公告","0","0","0","0.00000000"
"1151019","00749B","凱基新興債10+","除息","0.00000000","0.00000000","0.00","尚未公告","0","0","0","0.00000000"
"1151019","00750B","凱基科技債10+","除息","0.00000000","0.00000000","0.00","尚未公告","0","0","0","0.00000000"
"1151019","00772B","中信高評級公司債","除息","0.00000000","0.00000000","0.00","尚未公告","0","0","0","0.00000000"
"1151019","00773B","中信優先金融債","除息","0.00000000","0.00000000","0.00","尚未公告","0","0","0","0.00000000"
"1151019","00777B","凱基AAA至A公司債","除息","0.00000000","0.00000000","0.00","尚未公告","0","0","0","0.00000000"
"1151019","00778B","凱基金融債20+","除息","0.00000000","0.00000000","0.00","尚未公告","0","0","0","0.00000000"
"1151019","00782B","國泰A級公用債","除息","0.00000000","0.00000000","0.00","尚未公告","0","0","0","0.00000000"
"1151019","00785B","富邦金融投等債","除息","0.00000000","0.00000000","0.00","尚未公告","0","0","0","0.00000000"
"1151019","00840B","凱基IG精選15+","除息","0.00000000","0.00000000","0.00","尚未公告","0","0","0","0.00000000"
"1151019","00848B","中信新興亞洲債","除息","0.00000000","0.00000000","0.00","尚未公告","0","0","0","0.00000000"
"1151019","00849B","中信EM主權債0-5","除息","0.00000000","0.00000000","0.00","尚未公告","0","0","0","0.00000000"
"1151019","00884B","中信低碳新興債","除息","0.00000000","0.00000000","0.00","尚未公告","0","0","0","0.00000000"
"1151019","00890B","凱基ESG BBB債15+","除息","0.00000000","0.00000000","0.00","尚未公告","0","0","0","0.00000000"
"1151019","00933B","國泰10Y+金融債","除息","0.00000000","0.00000000","0.00","尚未公告","0","0","0","0.00000000"
"1151019","00937B","群益ESG投等債20+","除息","0.00000000","0.00000000","0.00","尚未公告","0","0","0","0.00000000"
"1151019","00948B","中信優息投資級債","除息","0.00000000","0.00000000","0.00","尚未公告","0","0","0","0.00000000"
"1151019","00957B","兆豐US優選投等債","除息","0.00000000","0.00000000","0.00","尚未公告","0","0","0","0.00000000"
"1151019","00980D","主動聯博投等入息","除息","0.00000000","0.00000000","0.00","尚未公告","0","0","0","0.00000000"
"1151019","009814","富邦標普500","除息","0.00000000","0.00000000","0.00","尚未公告","0","0","0","0.00000000"
"1151019","00981D","主動中信非投等債","除息","0.00000000","0.00000000","0.00","尚未公告","0","0","0","0.00000000"
"1151019","00982B","FT投資級債20+","除息","0.00000000","0.00000000","0.00","尚未公告","0","0","0","0.00000000"
"1151020","00931B","統一美債20年","除息","0.00000000","0.00000000","0.00","尚未公告","0","0","0","0.00000000"
"1151020","00985D","主動貝萊德優投等","除息","0.00000000","0.00000000","0.00","尚未公告","0","0","0","0.00000000"
"1151021","00789B","復華公司債A3","除息","0.00000000","0.00000000","0.00","尚未公告","0","0","0","0.00000000"
"1151021","00791B","復華信用債1-5","除息","0.00000000","0.00000000","0.00","尚未公告","0","0","0","0.00000000"
"1151021","00986D","主動復華金融債息","除息","0.00000000","0.00000000","0.00","尚未公告","0","0","0","0.00000000"
"1151022","00719B","元大美債1-3","除息","0.00000000","0.00000000","0.00","尚未公告","0","0","0","0.00000000"
"1151022","00720B","元大投資級公司債","除息","0.00000000","0.00000000","0.00","尚未公告","0","0","0","0.00000000"
"1151022","00788B","元大10年IG電能債","除息","0.00000000","0.00000000","0.00","尚未公告","0","0","0","0.00000000"
"1151022","00834B","第一金金融債10+","除息","0.00000000","0.00000000","0.00","尚未公告","0","0","0","0.00000000"
"1151022","00870B","元大15年EM主權債","除息","0.00000000","0.00000000","0.00","尚未公告","0","0","0","0.00000000"
"1151022","00967B","元大優息美債","除息","0.00000000","0.00000000","0.00","尚未公告","0","0","0","0.00000000"
"1151022","00968B","元大優息投等債","除息","0.00000000","0.00000000","0.00","尚未公告","0","0","0","0.00000000"
"1151022","00981B","第一金優選非投債","除息","0.00000000","0.00000000","0.00","尚未公告","0","0","0","0.00000000"
"1151022","8102","傑霖科技","除息","0.00000000","0.00000000","0.00","0.90000000","0","0","0","0.00000000"
"1151022","8936","國統","除息","0.00000000","0.00000000","0.00","3.00000000","0","0","0","0.00000000"
"1151027","00888","永豐台灣ESG","除息","0.00000000","0.00000000","0.00","尚未公告","0","0","0","0.00000000"
"1151027","00958B","永豐ESG銀行債15+","除息","0.00000000","0.00000000","0.00","尚未公告","0","0","0","0.00000000"
"1151028","00990B","國泰收益非投等債","除息","0.00000000","0.00000000","0.00","尚未公告","0","0","0","0.00000000"
"1151105","5523","豐謙","除息","0.00000000","0.00000000","0.00","0.50000000","0","0","0","0.00000000"
