除權息日期,股票代號,名稱,除權息,無償配股率,現金增資配股率,現金增資認購價,現金股利,公開承銷股數,員工認購股數,原股東認購股數,按持股比例仟股認購
"1151008","00400A","主動國泰動能高息","息","","","","","","","",""
"1151015","00401A","主動摩根台灣鑫收","息","","","","","","","",""
"1151005","00406A","主動中信台灣收益","息","","","","0.138000","","","",""
"1151021","00408A","主動第一金優股息","息","","","","","","","",""
"1151022","0056","元大高股息","息","","","","","","","",""
"1151019","00714","群益道瓊美國地產","息","","","","","","","",""
"1151019","00717","富邦美國特別股","息","","","","","","","",""
"1151019","00730","富邦臺灣優質高息","息","","","","","","","",""
"1151019","00733","富邦臺灣中小","息","","","","","","","",""
"1151016","00851","台新全球AI","息","","","","","","","",""
"1151019","00900","富邦特選高股息30","息","","","","","","","",""
"1151016","00904","台新臺灣半導體30","息","","","","","","","",""
"1151019","00905","FT臺灣Smart","息","","","","","","","",""
"1151027","00907","永豐優息存股","息","","","","","","","",""
"1151019","00908","富邦入息REITs+","息","","","","","","","",""
"1151019","00912","中信臺灣智慧50","息","","","","","","","",""
"1151019","00922","國泰台灣領袖50","息","","","","","","","",""
"1151019","00927","群益半導體收益","息","","","","","","","",""
"1151021","00929","復華台灣科技優息","息","","","","","","","",""
"1151019","00934","中信成長高股息","息","","","","","","","",""
"1151016","00936","台新永續高息中小","息","","","","","","","",""
"1151005","00939","統一台灣高息動能","息","","","","0.125000","","","",""
"1151007","00940","元大台灣價值高息","息","","","","","","","",""
"1151019","00943","兆豐電子高息等權","息","","","","","","","",""
"1151019","00944","野村趨勢動能高息","息","","","","","","","",""
"1151019","00945B","凱基美國非投等債","息","","","","","","","",""
"1151007","00946","群益科技高息成長","息","","","","","","","",""
"1151016","00947","台新臺灣IC設計","息","","","","","","","",""
"1151019","00952","凱基台灣AI50","息","","","","","","","",""
"1151007","00953B","群益優選非投等債","息","","","","","","","",""
"1151019","00956","中信日經高股息","息","","","","","","","",""
"1151019","00960","野村全球航運龍頭","息","","","","","","","",""
"1151019","00961","FT臺灣永續高息","息","","","","","","","",""
"1151016","00962","台新AI優息動能","息","","","","","","","",""
"1151019","00963","中信全球高股息","息","","","","","","","",""
"1151019","00964","中信亞太高股息","息","","","","","","","",""
"1151016","009805","台新美國電力基建","息","","","","","","","",""
"1151019","00981T","平衡凱基雙核收息","息","","","","","","","",""
"1151019","00982D","主動富邦動態入息","息","","","","","","","",""
"1151019","00983D","主動富邦複合收益","息","","","","","","","",""
"1151019","00984A","主動安聯台灣高息","息","","","","","","","",""
"1151005","00984D","主動聯博全球非投","息","","","","0.085000","","","",""
"1151019","00985A","主動野村台灣50","息","","","","","","","",""
"1151007","00985B","群益ESG投等債0-5","息","","","","","","","",""
"1151020","00991B","貝萊德A級公司債","息","","","","","","","",""
"1151019","00992A","主動群益科技創新","息","","","","","","","",""
"1151019","00995A","主動中信台灣卓越","息","","","","","","","",""
"1151019","00996A","主動兆豐台灣豐收","息","","","","","","","",""
"1151012","1449","佳和","權","0.00999999","","","0","","","",""
"1151015","1463","強盛新","息","","","","0.127300","","","",""
"1151013","1727","中華化","權","","0.10779602","尚未公告","0","1380000.00","1380000.00","11040000.00","86.23682261"
"1151006","2614","東森","權息","0.08000000","0.38195352","12.8000","0.400000","12500000.00","12500000.00","100000000.00","305.56282065"
"1151007","2890","永豐金","權","","0.04329540","35.1500","0","64000000.00","64000000.00","512000000.00","34.61290969"
"1151020","4155","訊映","息","","","","0.300000","","","",""
"1151028","4552","力達-KY","息","","","","0.600000","","","",""
"1151007","6108","競國","息","","","","1.000000","","","",""
"1151007","6947","台鎔科技","息","","","","0.533326","","","",""
"1151006","8021","尖點","權","","0.02715001","388.0000","0","400000.00","400000.00","3200000.00","21.72000885"
